A Wrinkle in Time - Movie Review,https://i.ytimg.com/vi/zHXf-UPUtyQ/hqdefault.jpg
"Love, Simon - Movie Review",https://i.ytimg.com/vi/r8orqWWRGF0/hqdefault.jpg
Anime Impact - My New Book,https://i.ytimg.com/vi/v12IWnJ5xM8/hqdefault.jpg
Death Wish - Movie Review,https://i.ytimg.com/vi/ECjH-7mbIMs/hqdefault.jpg
"The Good, the Bad and the Ugly - Movie Review",https://i.ytimg.com/vi/DXVvqtx2kQo/hqdefault.jpg
Annihilation - Movie Review,https://i.ytimg.com/vi/NhNJjvStrJM/hqdefault.jpg
Red Sparrow - Movie Review,https://i.ytimg.com/vi/eWtSEFGJDcI/hqdefault.jpg
Black Panther - Movie Review,https://i.ytimg.com/vi/7Usr96nwjqI/hqdefault.jpg
The 15:17 to Paris - Movie Review,https://i.ytimg.com/vi/Slc2mmTzvmY/hqdefault.jpg
Fifty Shades Freed - Movie Review,https://i.ytimg.com/vi/-t9TwUaJUUQ/hqdefault.jpg
The Cloverfield Paradox - Spoiler Review,https://i.ytimg.com/vi/LGBpDfUktBo/hqdefault.jpg
Winchester - Movie Review,https://i.ytimg.com/vi/lDZFPurl4Rc/hqdefault.jpg
Maze Runner: The Death Cure - Movie Review,https://i.ytimg.com/vi/V6j-B8XSHjM/hqdefault.jpg
Paddington 2 - Movie Review,https://i.ytimg.com/vi/QquwxZyrmX8/hqdefault.jpg
Den of Thieves - Movie Review,https://i.ytimg.com/vi/eK2vw9DOTS4/hqdefault.jpg
12 Strong - Movie Review,https://i.ytimg.com/vi/gmqeQ_WGIf4/hqdefault.jpg
Mary and the Witch's Flower - Movie Review,https://i.ytimg.com/vi/UkT42GxsFe0/hqdefault.jpg
12 Angry Men - Movie Review,https://i.ytimg.com/vi/VzwPNMiQFf8/hqdefault.jpg
Phantom Thread - Movie Review,https://i.ytimg.com/vi/CyyDZAnVAr4/hqdefault.jpg
Overlooked & Underrated Movies of 2017,https://i.ytimg.com/vi/1QrCg1uYjCk/hqdefault.jpg
Insidious: The Last Key - Movie Review,https://i.ytimg.com/vi/nCa6VKmiBbY/hqdefault.jpg
The Worst Movies of 2017,https://i.ytimg.com/vi/e4dGLn9sibA/hqdefault.jpg
The Best Movies of 2017,https://i.ytimg.com/vi/lsRmW22mnrU/hqdefault.jpg
Molly's Game - Movie Review,https://i.ytimg.com/vi/T8GeoottbR4/hqdefault.jpg
All the Money in the World - Movie Review,https://i.ytimg.com/vi/cmadx0gnUro/hqdefault.jpg
The Nightmare Before Christmas - Movie Review,https://i.ytimg.com/vi/7-qwSTzpNPY/hqdefault.jpg
Call Me By Your Name - Movie Review,https://i.ytimg.com/vi/hgl_P4Xz4SU/hqdefault.jpg
The Shape of Water - Movie Review,https://i.ytimg.com/vi/zFuOksI6AVg/hqdefault.jpg
Star Wars: The Last Jedi - Spoiler Review,https://i.ytimg.com/vi/XzDqydDwmD8/hqdefault.jpg
Star Wars: The Last Jedi - Movie Review,https://i.ytimg.com/vi/8qL4lMQQ9IE/hqdefault.jpg
Star Wars: Battlefront II - Game Review,https://i.ytimg.com/vi/ubgH-NIX724/hqdefault.jpg
Jumanji: Welcome to the Jungle - Movie Review,https://i.ytimg.com/vi/6H87y6cGbC0/hqdefault.jpg
The Post - Movie Review,https://i.ytimg.com/vi/IvUdLCZ7quA/hqdefault.jpg
Ewoks: The Battle for Endor - Hilariocity Review,https://i.ytimg.com/vi/D49bco7fWPo/hqdefault.jpg
Wonder - Movie Review,https://i.ytimg.com/vi/rIZ5UVUF92E/hqdefault.jpg
"Three Billboards Outside Ebbing, Missouri - Movie Review",https://i.ytimg.com/vi/4XlKCSwXsEQ/hqdefault.jpg
Caravan of Courage: An Ewok Adventure - Hilariocity Review,https://i.ytimg.com/vi/wFM2XfRSQIU/hqdefault.jpg
The Disaster Artist - Movie Review,https://i.ytimg.com/vi/HnFIGDyytYc/hqdefault.jpg
Lady Bird - Movie Review,https://i.ytimg.com/vi/RWgg6Z52VJU/hqdefault.jpg
Justice League - Movie Review,https://i.ytimg.com/vi/8KT1UCsOE74/hqdefault.jpg
Coco - Movie Review,https://i.ytimg.com/vi/wiXhcwpMU1I/hqdefault.jpg
A Silent Voice - Movie Review,https://i.ytimg.com/vi/Xnm3Q-b6Xyw/hqdefault.jpg
Murder on the Orient Express - Movie Review,https://i.ytimg.com/vi/GfhYoCeHhz8/hqdefault.jpg
Stranger Things - Season 2 Review,https://i.ytimg.com/vi/M0sHkcwPCnI/hqdefault.jpg
Halloween II - Movie Review,https://i.ytimg.com/vi/Xtgv7C6TfKk/hqdefault.jpg
Thor: Ragnarok - Movie Review,https://i.ytimg.com/vi/9BTkd5kHsRg/hqdefault.jpg
Jigsaw - Movie Review,https://i.ytimg.com/vi/FhAefLFoRmU/hqdefault.jpg
1922 - Movie Review,https://i.ytimg.com/vi/kIPXoZ1JFNM/hqdefault.jpg
Brawl in Cell Block 99 - Movie Review,https://i.ytimg.com/vi/jx71t5RAV0Y/hqdefault.jpg
Saw - Movie Review,https://i.ytimg.com/vi/HIUlodKbsgM/hqdefault.jpg
